{
   "abstract" : "Handle Common Gateway Interface requests and responses",
   "author" : [
      "unknown"
   ],
   "dynamic_config" : 1,
   "generated_by" : "ExtUtils::MakeMaker version 7.36, CPAN::Meta::Converter version 2.150010",
   "license" : [
      "artistic_2"
   ],
   "meta-spec" : {
      "url" : "http://search.cpan.org/perldoc?CPAN::Meta::Spec",
      "version" : 2
   },
   "name" : "CGI",
   "no_index" : {
      "directory" : [
         "t",
         "inc",
         "t"
      ]
   },
   "prereqs" : {
      "build" : {
         "requires" : {
            "ExtUtils::MakeMaker" : "0"
         }
      },
      "configure" : {
         "requires" : {
            "ExtUtils::MakeMaker" : "0"
         }
      },
      "runtime" : {
         "requires" : {
            "Carp" : "0",
            "Config" : "0",
            "Encode" : "0",
            "Exporter" : "0",
            "File::Spec" : "0.82",
            "File::Temp" : "0.17",
            "HTML::Entities" : "3.69",
            "if" : "0",
            "overload" : "0",
            "parent" : "0.225",
            "perl" : "5.008001",
            "strict" : "0",
            "utf8" : "0",
            "warnings" : "0"
         }
      },
      "test" : {
         "requires" : {
            "Cwd" : "0",
            "File::Find" : "0",
            "IO::File" : "0",
            "IO::Handle" : "0",
            "POSIX" : "0",
            "Test::Deep" : "0.11",
            "Test::More" : "0.98",
            "Test::NoWarnings" : "0",
            "Test::Warn" : "0.3"
         }
      }
   },
   "release_status" : "stable",
   "resources" : {
      "bugtracker" : {
         "web" : "https://github.com/leejo/CGI.pm/issues"
      },
      "homepage" : "https://metacpan.org/module/CGI",
      "license" : [
         "http://dev.perl.org/licenses/"
      ],
      "repository" : {
         "type" : "git",
         "url" : "https://github.com/leejo/CGI.pm",
         "web" : "https://github.com/leejo/CGI.pm"
      }
   },
   "version" : "4.51",
   "x_serialization_backend" : "JSON::PP version 4.02"
}
